{"_body": {"Cosine of 1289 degrees": -0.8829475928589283, "Sine of 1289 degrees": -0.46947156278588825, "Factors of 1289": [1, 1289]}, "_err": null, "_metadata": null, "_basepath": null}