{"_body": {"function": "Pagerank", "result": {"0": 0.031249999999999983, "1": 0.031249999999999983, "2": 0.031249999999999983, "3": 0.031249999999999983, "4": 0.031249999999999983, "5": 0.031249999999999983, "6": 0.031249999999999983, "7": 0.031249999999999983, "8": 0.031249999999999983, "9": 0.031249999999999983, "10": 0.031249999999999983, "11": 0.031249999999999983, "12": 0.031249999999999983, "13": 0.031249999999999983, "14": 0.031249999999999983, "15": 0.031249999999999983, "16": 0.031249999999999983, "17": 0.031249999999999983, "18": 0.031249999999999983, "19": 0.031249999999999983, "20": 0.031249999999999983, "21": 0.031249999999999983, "22": 0.031249999999999983, "23": 0.031249999999999983, "24": 0.031249999999999983, "25": 0.031249999999999983, "26": 0.031249999999999983, "27": 0.031249999999999983, "28": 0.031249999999999983, "29": 0.031249999999999983, "30": 0.031249999999999983, "31": 0.031249999999999983}}, "_err": null, "_metadata": null, "_basepath": null}