{
    "message": "Success",
    "result": {
        "body": {
            "RESULT": {
                "BFS": [
                    7,
                    0,
                    2,
                    4,
                    5,
                    6,
                    1,
                    3,
                    8,
                    9
                ],
                "MST": [
                    0,
                    1,
                    3,
                    6,
                    10,
                    17,
                    21,
                    25,
                    30
                ],
                "Pagerank": [
                    0.11245695181814785,
                    0.10026665117402943,
                    0.12531137967636186,
                    0.0996312602915688,
                    0.1253113796763619,
                    0.09959625214814653,
                    0.11296823240539972,
                    0.07471518371394283,
                    0.0747965893099429,
                    0.07494611978609804
                ]
            }
        },
        "metadata": null,
        "statusCode": 200
    },
    "statusCode": 200
}
