{"_body": {"matrixB": "[[0.252031489015214, 0.4108638074160349, 0.17453024807603534, 0.002624827765051907, 0.9939503246705566, 0.7618336527435008, 0.822538403889201, 0.9739618143052539, 0.96107358510794], [0.4248193741876283, 0.9197949635259837, 0.23130189074182106, 0.9355870519002918, 0.7361886212497709, 0.6231079837389207, 0.6988429184198074, 0.554290634458437, 0.9903130011920741], [0.7912459447217588, 0.297476726489289, 0.9218783046528328, 0.3002365572822615, 0.5970192470421205, 0.8572593893789043, 0.6475822827498046, 0.551117380032949, 0.6068734966481493], [0.8674667282137531, 0.6189293301349724, 0.9519666257241528, 0.2230454576669566, 0.08937947928767787, 0.6487349340853978, 0.07217932926061277, 0.08460589219475878, 0.8850614739636078], [0.44851726451329743, 0.4357232421167022, 0.21859917300009835, 0.0020949005699235634, 0.7965933329869997, 0.4946637881416258, 0.9209306222560869, 0.6767737624231227, 0.6245271885461472], [0.04618885289533203, 0.17027980242188068, 0.8371955774615809, 0.7087276128721893, 0.7754367575322016, 0.5340315105588122, 0.21157165156150992, 0.8121752279112959, 0.5568754061472206], [0.4865428714417537, 0.3285387969950051, 0.7425829641819199, 0.4421666478645184, 0.49655797877366814, 0.10918162650639585, 0.08233134124472175, 0.14276052931736083, 0.5316662638593947], [0.1453363987024272, 0.21160253264789908, 0.2461482580114297, 0.982122562306492, 0.7108732410827363, 0.7148495752370703, 0.31116656916686325, 0.6326666684137986, 0.7494384770079217], [0.4131107665666731, 0.3316537895004168, 0.8945602609093648, 0.5344856164776631, 0.7168826209916597, 0.5382978394378303, 0.24159655306826167, 0.9630011866878492, 0.42729834781246345]]", "size": 9, "iters": 1}, "_err": null, "_metadata": null, "_basepath": null}