{"_body": {"matrixA": "[[0.5682507949337134, 0.8809527676811643, 0.4655684975375408, 0.03956706598854032, 0.08488015310528407, 0.6043019252897742, 0.8157856201867592, 0.26703025239199907, 0.12869991463883834], [0.8081079032156411, 0.06090411072204138, 0.5611722962005474, 0.037312961934681144, 0.2595770980937506, 0.9111926263976596, 0.03278641999807408, 0.007924579602876514, 0.6495575455203946], [0.8923642057997353, 0.22981664619785835, 0.49742476518342316, 0.8802538365276376, 0.46439853258602637, 0.6778371775432351, 0.8823230778997104, 0.21566691079477607, 0.3601969854014849], [0.691566039506752, 0.37618594096454594, 0.5698358748932202, 0.48763127607971113, 0.7469704045559412, 0.48508183117842596, 0.5714225154939252, 0.07018736431929162, 0.22491312202133307], [0.9415368338012731, 0.2031557416916292, 0.24416073824494333, 0.1916565143510348, 0.6041108019709908, 0.48394060202962985, 0.8478439848128323, 0.9416936653449353, 0.6009466463736175], [0.8169779776979886, 0.26965820137023455, 0.5328101188353351, 0.28891247269861176, 0.06834571748179752, 0.36708973999966277, 0.5996769734246176, 0.8443111657486674, 0.2283583339586034], [0.7267491669602528, 0.8484943038474456, 0.04696292108086897, 0.5349145451370447, 0.4615048046396929, 0.8343066897066191, 0.8053906508170795, 0.8354049524609374, 0.8628958777230177], [0.918751373623778, 0.34745329217917553, 0.5599006151834757, 0.728497245795146, 0.7231537618794758, 0.967261915679219, 0.10845545883349383, 0.7303090517640005, 0.00271859797397922], [0.8131517681271383, 0.2977443656046791, 0.8920017294649197, 0.2776178971750971, 0.6687610595875427, 0.3208170508860957, 0.11545179832380104, 0.2627567195573892, 0.31446127682437053]]", "size": 9, "iters": 1}, "_err": null, "_metadata": null, "_basepath": null}